Chase Field,Baseball cap,22.99
Chase Field,Baseball bat,89.93
Chase Field,Team pennant,17.99
Chase Field,Autographed baseball,25.99
Chase Field,Team jersey,199.99
Sun Trust Park,Baseball cap,22.99
Sun Trust Park,Baseball bat,89.93
Sun Trust Park,Team pennant,17.99
Sun Trust Park,Autographed baseball,25.99
Sun Trust Park,Team jersey,199.99
Oriole Park at Camden Yards,Baseball cap,22.99
Oriole Park at Camden Yards,Baseball bat,89.93
Oriole Park at Camden Yards,Team pennant,17.99
Oriole Park at Camden Yards,Autographed baseball,25.99
Oriole Park at Camden Yards,Team jersey,199.99
Fenway Park,Baseball cap,22.99
Fenway Park,Baseball bat,89.93
Fenway Park,Team pennant,17.99
Fenway Park,Autographed baseball,25.99
Fenway Park,Team jersey,199.99
Wrigley Field,Baseball cap,22.99
Wrigley Field,Baseball bat,89.93
Wrigley Field,Team pennant,17.99
Wrigley Field,Autographed baseball,25.99
Wrigley Field,Team jersey,199.99
Guaranteed Rate Field,Baseball cap,22.99
Guaranteed Rate Field,Baseball bat,89.93
Guaranteed Rate Field,Team pennant,17.99
Guaranteed Rate Field,Autographed baseball,25.99
Guaranteed Rate Field,Team jersey,199.99
Great American Ball Park,Baseball cap,22.99
Great American Ball Park,Baseball bat,89.93
Great American Ball Park,Team pennant,17.99
Great American Ball Park,Autographed baseball,25.99
Great American Ball Park,Team jersey,199.99
Progressive Field,Baseball cap,22.99
Progressive Field,Baseball bat,89.93
Progressive Field,Team pennant,17.99
Progressive Field,Autographed baseball,25.99
Progressive Field,Team jersey,199.99
Coors Field,Baseball cap,22.99
Coors Field,Baseball bat,89.93
Coors Field,Team pennant,17.99
Coors Field,Autographed baseball,25.99
Coors Field,Team jersey,199.99
Comerica Park,Baseball cap,22.99
Comerica Park,Baseball bat,89.93
Comerica Park,Team pennant,17.99
Comerica Park,Autographed baseball,25.99
Comerica Park,Team jersey,199.99
Minute Maid Park,Baseball cap,22.99
Minute Maid Park,Baseball bat,89.93
Minute Maid Park,Team pennant,17.99
Minute Maid Park,Autographed baseball,25.99
Minute Maid Park,Team jersey,199.99
Kauffman Stadium,Baseball cap,22.99
Kauffman Stadium,Baseball bat,89.93
Kauffman Stadium,Team pennant,17.99
Kauffman Stadium,Autographed baseball,25.99
Kauffman Stadium,Team jersey,199.99
Angel Stadium,Baseball cap,22.99
Angel Stadium,Baseball bat,89.93
Angel Stadium,Team pennant,17.99
Angel Stadium,Autographed baseball,25.99
Angel Stadium,Team jersey,199.99
Dodger Stadium,Baseball cap,22.99
Dodger Stadium,Baseball bat,89.93
Dodger Stadium,Team pennant,17.99
Dodger Stadium,Autographed baseball,25.99
Dodger Stadium,Team jersey,199.99
Marlins Park,Baseball cap,22.99
Marlins Park,Baseball bat,89.93
Marlins Park,Team pennant,17.99
Marlins Park,Autographed baseball,25.99
Marlins Park,Team jersey,199.99
Miller Park,Baseball cap,22.99
Miller Park,Baseball bat,89.93
Miller Park,Team pennant,17.99
Miller Park,Autographed baseball,25.99
Miller Park,Team jersey,199.99
Target Field,Baseball cap,22.99
Target Field,Baseball bat,89.93
Target Field,Team pennant,17.99
Target Field,Autographed baseball,25.99
Target Field,Team jersey,199.99
Citi Field,Baseball cap,22.99
Citi Field,Baseball bat,89.93
Citi Field,Team pennant,17.99
Citi Field,Autographed baseball,25.99
Citi Field,Team jersey,199.99
Yankee Stadium,Baseball cap,22.99
Yankee Stadium,Baseball bat,89.93
Yankee Stadium,Team pennant,17.99
Yankee Stadium,Autographed baseball,25.99
Yankee Stadium,Team jersey,199.99
Oakland Alameda County Coliseum,Baseball cap,22.99
Oakland Alameda County Coliseum,Baseball bat,89.93
Oakland Alameda County Coliseum,Team pennant,17.99
Oakland Alameda County Coliseum,Autographed baseball,25.99
Oakland Alameda County Coliseum,Team jersey,199.99
Citizens Bank Park,Baseball cap,22.99
Citizens Bank Park,Baseball bat,89.93
Citizens Bank Park,Team pennant,17.99
Citizens Bank Park,Autographed baseball,25.99
Citizens Bank Park,Team jersey,199.99
PNC Park,Baseball cap,22.99
PNC Park,Baseball bat,89.93
PNC Park,Team pennant,17.99
PNC Park,Autographed baseball,25.99
PNC Park,Team jersey,199.99
Petco Park,Baseball cap,22.99
Petco Park,Baseball bat,89.93
Petco Park,Team pennant,17.99
Petco Park,Autographed baseball,25.99
Petco Park,Team jersey,199.99
AT&T Park,Baseball cap,22.99
AT&T Park,Baseball bat,89.93
AT&T Park,Team pennant,17.99
AT&T Park,Autographed baseball,25.99
AT&T Park,Team jersey,199.99
Safeco Field,Baseball cap,22.99
Safeco Field,Baseball bat,89.93
Safeco Field,Team pennant,17.99
Safeco Field,Autographed baseball,25.99
Safeco Field,Team jersey,199.99
Busch Stadium,Baseball cap,22.99
Busch Stadium,Baseball bat,89.93
Busch Stadium,Team pennant,17.99
Busch Stadium,Autographed baseball,25.99
Busch Stadium,Team jersey,199.99
Tropicana Field,Baseball cap,22.99
Tropicana Field,Baseball bat,89.93
Tropicana Field,Team pennant,17.99
Tropicana Field,Autographed baseball,25.99
Tropicana Field,Team jersey,199.99
Globe Life Park in Arlington,Baseball cap,22.99
Globe Life Park in Arlington,Baseball bat,89.93
Globe Life Park in Arlington,Team pennant,17.99
Globe Life Park in Arlington,Autographed baseball,25.99
Globe Life Park in Arlington,Team jersey,199.99
Rogers Centre,Baseball cap,22.99
Rogers Centre,Baseball bat,89.93
Rogers Centre,Team pennant,17.99
Rogers Centre,Autographed baseball,25.99
Rogers Centre,Team jersey,199.99
Nationals Park,Baseball cap,22.99
Nationals Park,Baseball bat,89.93
Nationals Park,Team pennant,17.99
Nationals Park,Autographed baseball,25.99
Nationals Park,Team jersey,199.99
